monthly_income,app_usage_hours,bought_premium
4627,20.9,1
2744,11.1,0
5251,3.1,0
5517,19.9,1
1469,12.3,0
2377,15.1,0
4379,13.7,0
3757,17.0,0
4176,25.5,1
3006,19.1,0
5431,16.9,1
5289,10.8,0
4292,6.3,0
5778,14.6,0
4855,17.6,1
2997,30.4,1
4716,18.9,1
2858,24.9,0
5430,14.5,0
4130,9.7,0
3941,11.2,1
3247,12.9,0
5912,32.9,1
3984,12.3,0
3600,23.9,1
3707,11.7,0
4945,24.5,1
4712,20.7,1
4778,16.9,1
4803,17.7,1
7198,13.4,1
3631,21.1,1
3483,14.8,1
3061,9.4,0
5062,9.1,1
5781,19.2,1
4040,29.1,1
3024,19.1,0
3046,17.2,0
5111,20.0,0
5241,27.1,1
4960,19.5,1
3268,15.1,0
4525,25.7,1
4363,21.0,1
4506,28.8,1
5420,19.3,0
4513,9.4,0
5150,8.4,0
4295,29.6,1
4605,30.1,1
5084,16.7,1
2160,15.3,0
3752,28.2,0
3541,10.3,0
3306,11.7,0
3815,22.5,0
6293,15.2,1
2988,18.0,1
5556,16.9,1
1844,20.4,0
3731,27.9,1
4428,18.6,1
5021,22.5,1
5196,3.6,1
5311,17.7,0
3712,12.1,0
3553,9.5,0
5401,11.9,0
3932,15.7,1
2414,24.4,0
2613,8.7,0
2913,18.2,0
4896,14.6,1
4399,15.7,1
5167,25.0,1
3602,21.8,1
4422,27.4,1
5076,16.9,0
3767,13.1,0
4839,16.4,0
3273,19.7,0
3692,19.2,1
3666,10.4,0
2526,18.6,0
4882,19.6,1
3543,35.6,1
4217,31.1,1
4873,12.0,0
4825,16.0,1
5132,7.8,0
4062,13.9,1
3607,20.2,1
4088,26.4,1
1838,12.9,0
2174,13.4,1
2348,3.0,0
2804,16.9,0
4760,10.6,1
2932,14.3,0
3671,11.9,0
6019,17.3,1
3701,5.7,0
5233,7.7,0
2893,32.9,0
3912,9.0,0
2870,10.3,0
3725,30.9,1
5376,38.3,1
1782,9.8,0
4808,15.4,0
4533,20.4,1
3368,30.1,1
2176,11.1,0
4301,16.3,1
3459,23.4,1
4526,21.0,1
4231,15.4,0
6442,17.1,1
3865,8.4,0
2767,16.3,0
4451,16.1,0
4508,19.6,1
6103,14.1,1
5369,21.3,1
4700,25.1,1
6249,19.1,1
2536,20.5,0
3304,18.4,0
2903,18.0,0
3654,12.9,0
2273,20.2,0
5089,17.3,0
3889,32.7,1
2141,29.0,0
2778,20.7,0
4639,12.7,1
5373,10.2,1
6995,26.3,1
8279,19.8,1
