study_hours,sleep_hours,exam_score,passed
6.3,7.8,68.9,1
9.0,5.1,75.6,1
7.8,8.6,80.9,1
2.3,8.5,44.5,0
3.0,8.3,51.4,0
8.7,6.7,80.7,1
0.1,6.3,35.7,0
8.2,6.5,79.5,1
8.0,4.2,70.2,1
4.7,9.1,60.0,1
3.0,7.3,51.5,0
2.8,6.3,41.6,0
2.5,7.3,39.1,0
4.5,8.3,61.8,1
5.0,6.3,57.5,0
5.5,9.0,67.2,1
10.0,9.5,80.3,1
7.9,6.3,70.5,1
6.2,4.8,57.8,0
9.9,8.6,82.3,1
2.2,10.0,39.4,0
1.6,4.9,36.1,0
6.1,8.3,71.7,1
0.4,9.0,42.0,0
0.4,9.5,37.8,0
5.1,4.7,55.2,0
4.7,4.6,56.2,0
9.2,9.9,71.9,1
6.3,4.7,60.2,1
5.1,5.1,58.5,0
5.0,7.4,63.2,1
2.5,6.7,54.2,0
0.1,8.5,43.3,0
1.9,5.1,41.5,0
6.9,9.5,75.1,1
2.0,5.3,44.6,0
3.7,8.6,53.0,0
0.0,4.4,28.8,0
8.3,6.8,79.7,1
1.5,4.2,45.9,0
2.7,5.9,44.3,0
8.8,5.9,75.5,1
5.1,8.3,63.1,1
8.5,6.7,82.5,1
6.4,4.3,60.5,1
7.4,10.0,84.4,1
0.9,9.3,38.4,0
5.4,9.5,65.1,1
5.1,5.5,55.4,0
8.7,6.4,80.2,1
3.6,5.4,54.0,0
6.0,4.7,51.9,0
0.6,4.2,26.8,0
3.9,7.0,55.1,0
3.2,4.7,42.3,0
1.5,5.1,30.0,0
8.2,9.2,84.3,1
3.8,6.9,55.3,0
9.8,5.1,81.6,1
5.9,8.0,63.2,1
6.1,5.6,66.6,1
6.4,7.2,65.0,1
6.8,5.7,70.7,1
1.5,7.1,37.2,0
4.4,7.8,53.3,0
2.4,7.2,47.4,0
4.0,6.4,49.4,0
1.0,8.7,45.7,0
9.7,9.2,88.2,1
2.2,5.1,36.3,0
6.7,4.8,63.6,1
3.0,4.7,42.6,0
8.7,9.9,88.0,1
6.6,9.6,69.2,1
1.3,5.4,35.2,0
8.5,9.8,87.9,1
9.4,5.2,88.9,1
9.0,7.0,89.3,1
5.7,7.0,62.8,1
1.5,9.5,47.3,0
1.9,4.2,45.8,0
9.3,5.9,77.6,1
5.5,7.6,57.9,0
1.8,4.4,38.4,0
8.8,5.4,77.3,1
6.4,6.8,61.5,1
5.7,9.3,58.8,0
3.8,8.6,48.8,0
4.1,9.0,61.8,1
2.4,8.6,45.3,0
0.4,8.2,37.7,0
8.8,9.1,83.1,1
4.7,8.1,62.7,1
5.5,8.4,62.5,1
3.2,5.8,50.2,0
7.5,5.0,63.1,1
0.3,8.5,36.5,0
3.7,5.0,43.5,0
0.3,9.5,46.2,0
1.2,7.6,41.2,0
9.7,6.0,76.6,1
6.6,9.6,70.4,1
4.3,4.9,50.2,0
5.2,7.1,63.9,1
8.7,4.5,64.8,1
3.4,9.8,51.6,0
5.9,7.5,62.5,1
6.8,8.8,84.5,1
3.6,5.7,53.9,0
5.2,8.8,63.0,1
7.7,8.2,78.3,1
9.1,7.9,91.5,1
1.5,9.7,45.8,0
9.3,6.6,78.0,1
0.1,6.5,39.3,0
7.5,8.2,76.4,1
8.1,9.0,81.9,1
1.4,6.0,36.3,0
4.2,8.0,66.6,1
8.2,5.3,79.8,1
0.1,7.3,38.2,0
6.3,8.6,72.1,1
7.9,4.4,58.3,0
5.1,8.4,65.6,1
7.3,4.1,63.5,1
2.3,9.8,53.0,0
2.0,6.8,47.0,0
3.6,6.5,49.4,0
1.8,8.3,37.2,0
3.5,7.1,53.4,0
9.5,8.4,80.5,1
5.7,4.5,56.0,0
3.4,7.4,48.7,0
2.7,7.3,46.6,0
9.5,9.6,75.2,1
4.4,4.2,56.8,0
9.8,6.7,83.7,1
5.2,7.8,66.9,1
5.2,7.3,70.6,1
9.0,4.4,73.8,1
7.4,7.6,63.2,1
5.8,5.3,55.2,0
4.3,5.2,45.6,0
8.8,9.3,79.9,1
4.1,5.2,51.4,0
9.2,6.7,69.6,1
0.7,8.5,42.2,0
4.3,8.2,50.4,0
5.2,7.3,62.1,1
9.5,8.8,84.7,1
2.5,6.8,44.6,0
8.1,7.7,75.4,1
6.8,8.9,69.0,1
7.2,8.1,68.9,1
6.3,7.9,58.8,0
9.7,6.4,81.3,1
3.3,7.3,60.6,1
4.0,6.4,62.6,1
2.0,8.5,53.7,0
0.5,6.3,38.6,0
2.1,6.8,40.9,0
9.2,8.5,90.1,1
8.4,7.0,75.8,1
1.1,6.0,37.3,0
6.0,9.0,66.7,1
4.8,6.3,57.0,0
5.9,9.1,65.7,1
6.6,8.7,70.0,1
3.1,6.7,43.3,0
9.6,8.3,82.8,1
4.7,4.2,63.1,1
6.3,6.3,63.7,1
6.4,9.2,68.9,1
1.8,7.5,46.8,0
0.6,7.3,41.3,0
4.1,8.0,51.0,0
7.6,8.1,73.3,1
8.2,7.5,80.4,1
7.3,6.5,70.9,1
1.1,5.1,36.5,0
9.1,5.8,84.9,1
8.0,5.8,68.2,1
8.8,6.6,77.5,1
5.2,10.0,63.6,1
9.2,6.1,85.5,1
0.5,6.7,25.9,0
0.3,6.2,30.6,0
0.2,7.5,33.3,0
2.5,9.7,55.3,0
2.5,9.3,54.1,0
1.9,6.3,48.9,0
5.7,5.6,51.7,0
0.4,9.3,44.3,0
5.9,7.0,62.0,1
1.7,8.1,41.2,0
6.8,4.4,65.5,1
0.2,9.2,34.9,0
3.1,5.9,36.9,0
9.4,7.0,79.0,1
5.4,5.2,49.8,0
8.1,6.5,70.4,1
6.6,9.0,72.7,1
6.1,9.0,70.0,1
1.9,6.8,51.2,0
5.7,8.6,64.9,1
0.4,6.7,27.8,0
8.0,6.2,68.8,1
9.6,7.3,78.0,1
8.5,5.2,67.0,1
0.5,5.9,36.5,0
3.4,8.2,50.2,0
3.2,8.6,43.3,0
1.1,4.3,37.8,0
6.3,8.4,67.6,1
8.0,8.9,79.5,1
3.1,6.7,49.6,0
8.6,4.4,75.0,1
8.0,8.1,76.2,1
1.3,5.5,43.6,0
7.7,7.9,76.2,1
8.8,6.3,78.6,1
2.0,7.8,47.6,0
5.7,5.5,52.5,0
6.4,6.9,64.8,1
6.1,7.1,63.5,1
1.0,7.8,41.4,0
6.6,5.2,56.7,0
6.3,9.8,79.3,1
8.2,5.7,73.2,1
8.0,5.8,65.8,1
3.3,5.5,38.9,0
7.2,4.4,63.5,1
8.7,6.5,76.0,1
8.9,8.6,78.3,1
1.6,8.3,45.1,0
0.3,5.2,28.5,0
6.5,4.8,64.9,1
2.1,5.9,39.0,0
5.6,8.6,65.2,1
9.4,6.9,86.0,1
3.8,9.5,70.9,1
2.5,7.9,43.5,0
4.6,7.7,56.0,0
6.6,8.6,65.9,1
1.0,8.5,46.0,0
3.8,6.1,45.4,0
1.3,5.5,35.3,0
6.6,6.6,66.2,1
8.3,6.9,70.5,1
3.8,4.9,43.8,0
3.7,6.6,49.5,0
5.4,7.8,52.2,0
2.2,4.8,33.2,0
2.5,4.8,40.0,0
3.3,5.0,47.3,0
4.6,5.7,53.3,0
0.8,9.8,34.7,0
7.5,4.2,63.6,1
5.8,5.1,63.1,1
3.0,5.0,47.7,0
0.8,6.8,37.2,0
7.6,4.1,61.9,1
1.3,6.7,43.2,0
1.3,5.0,33.7,0
1.3,5.6,31.9,0
0.8,8.8,37.6,0
9.1,5.1,82.8,1
2.7,7.7,50.0,0
3.1,6.4,54.0,0
8.3,6.5,72.3,1
6.2,8.9,73.5,1
1.9,5.0,36.3,0
4.3,9.5,60.0,1
8.8,9.4,95.3,1
3.8,8.0,58.6,0
7.1,4.3,61.6,1
1.0,8.0,40.4,0
7.3,7.6,73.2,1
7.8,8.6,82.1,1
8.3,5.3,69.4,1
6.7,9.7,64.4,1
3.7,9.3,55.8,0
0.6,4.7,32.7,0
5.2,5.9,58.3,0
7.6,4.2,72.8,1
1.9,9.0,49.1,0
2.7,9.5,56.4,0
5.4,9.9,61.2,1
7.5,7.7,77.1,1
9.0,8.0,91.3,1
1.3,8.1,46.3,0
1.8,7.4,45.3,0
8.0,9.7,80.2,1
6.4,7.6,76.5,1
7.2,6.0,63.4,1
10.0,7.1,83.4,1
9.4,4.1,77.5,1
8.4,8.3,82.6,1
7.8,8.2,73.0,1
4.0,6.5,54.3,0
